{"cameraMode":{"drawMode":0,"name":"Shaded","section":"Shading Mode"},"sceneLighting":true,"audioPlay":false,"sceneViewState":{"m_AlwaysRefresh":false,"showFog":true,"showSkybox":true,"showFlares":true,"showImageEffects":true,"showParticleSystems":true,"showVisualEffectGraphs":true,"m_FxEnabled":true},"in2DMode":false,"pivot":{"x":-141.68472290039063,"y":4.896520614624023,"z":46.2137336730957},"rotation":{"x":-0.012408117763698101,"y":-0.17458726465702058,"z":-0.0021997594740241768,"w":0.9845661520957947},"size":35.276180267333987,"orthographic":false}